L_precuneus,L_supfrontal,L_angular,L_postcingulate,L_mPFC,L_midtemporal,L_antcingulate,R_precuneus,R_supfrontal,R_antcingulate,R_postcingulate,R_angular,R_mPFC,R_midtemporal
-0.88245,2.24121,0.0113988,1.58988,-0.591116,0.956045,-2.86774,-1.65855,2.42873,-2.8965,-1.63178,-0.968198,-1.84459,0.58108
-0.767555,0.945148,-0.539921,1.03951,-1.08527,0.863523,-3.37533,-0.965241,1.46195,-3.47193,-0.999302,-0.367103,-1.57487,0.253345
-0.175059,-1.22348,-0.907064,-0.653813,-0.946012,0.0423739,-1.26366,-0.0794166,-0.63088,-2.72918,0.239592,-0.0760763,-0.109931,0.154678
0.57013,-2.25382,-0.782401,-0.7913,-0.31671,-0.350352,1.3157,0.657474,-1.82064,0.0610774,1.19009,-0.250429,1.18006,0.672398
0.617619,-1.83439,-0.547793,0.0576524,0.0647664,-0.129309,1.18571,0.78209,-1.55614,1.75368,1.52833,-0.399856,1.26387,1.22955
-0.464527,-0.872766,-0.786235,-0.700883,-0.584472,0.0570409,-2.24857,-0.117609,-0.593576,0.249719,0.43129,-0.638771,0.187592,0.915695
-1.70356,-0.515187,-1.36106,-2.17902,-1.6334,0.400603,-5.28344,-1.38871,-0.282402,-2.01267,-1.61497,-1.55227,-1.26494,0.189501
-1.85134,0.295805,-0.992461,-2.17693,-2.0037,0.577457,-4.69737,-2.03045,0.213048,-2.67938,-2.32413,-1.96014,-2.04076,-0.281673
-0.972022,0.973027,-0.127123,-0.676071,-1.18027,0.322061,-2.94898,-1.53559,0.649524,-1.99719,-1.33418,-1.19889,-1.90556,-0.569774
0.177556,0.345594,0.362309,0.828318,0.135802,0.0980779,-1.57105,-0.00547321,0.0558198,-0.772402,-0.473324,0.149946,-1.31515,-0.376006
0.902799,-0.605254,0.492882,0.538178,0.990884,0.0228813,1.32608,1.6292,-0.693522,1.69931,-0.674783,1.56894,0.0187571,0.287504
0.57052,-1.05182,0.411577,-0.947567,0.830083,-0.243088,3.96205,2.2157,-0.91552,3.67429,-0.716992,2.75489,1.85982,0.460668
0.223946,-0.557005,0.700171,-0.64994,0.40519,-1.32383,4.72812,2.44825,-0.276183,4.16255,0.513957,3.27315,2.88637,-0.630586
0.463488,-0.110543,0.755288,0.522832,0.696448,-2.61203,5.14963,2.50584,0.249614,4.05971,1.37166,2.02611,2.49925,-2.25182
-0.0941827,-0.528081,0.220875,-1.16869,1.20933,-2.16575,3.80793,0.702711,-0.239247,2.03372,-0.265924,-0.35712,1.17572,-2.4178
-0.890828,-0.757563,-0.158253,-3.33754,1.24331,-0.197841,0.188591,-1.55974,-0.804817,-1.13964,-2.36083,-1.64372,-0.23876,-0.828592
-0.535434,-0.0915722,-0.304318,-1.29727,0.292006,1.07894,-2.0416,-1.65749,-0.460773,-2.29176,-1.59326,-1.15541,-1.49124,0.664709
0.58532,0.662279,-0.361328,2.31053,-0.852576,1.2475,-1.93155,-0.0964682,0.557803,-1.15781,0.205853,-0.203166,-2.42818,1.38408
1.22021,0.763757,-0.474501,3.02619,-1.28224,1.13063,-2.13124,0.906983,1.17767,0.0454191,0.293335,0.254472,-2.49693,1.49219
0.803227,0.713965,-0.560898,1.56508,-1.68073,0.735039,-2.68901,0.223195,1.29617,0.179109,0.0113869,0.149458,-2.16398,0.960897
0.318333,0.572818,0.171761,-0.502934,-1.69991,-0.163873,-0.446759,-0.598226,1.03348,0.122355,0.438288,0.616855,-1.23791,0.186645
-0.532948,0.142386,1.20438,-2.51988,-0.967044,-0.615765,2.79373,-0.48311,0.293034,0.306388,0.579885,2.12996,0.501504,-0.128125
-2.25994,0.436675,0.888951,-2.82867,-0.515477,-0.217809,3.01354,0.0262452,0.101655,0.606782,0.31708,2.77077,1.38566,-0.10702
-3.89633,1.08573,-0.429254,-2.46985,-0.486906,0.164128,1.94581,-0.0327343,0.264056,0.761904,-0.36302,1.29209,0.791301,-0.102841
-4.07728,1.51972,-0.905581,-2.43818,-0.609191,0.0414196,0.820808,-0.510357,0.345569,0.0369659,-1.09452,-0.456652,0.205123,-0.222402
-3.20837,1.19754,-0.6772,-1.37083,-1.28916,-0.216288,-2.2599,-0.924008,0.309855,-1.5642,-1.64833,-1.027,-0.266652,-0.604833
-2.25393,-0.132588,-0.740791,0.180898,-2.04477,-0.425775,-4.72508,-1.19388,0.0998982,-2.47977,-2.00558,-0.973145,-0.819291,-1.03523
-1.32755,-1.11369,-0.951925,0.182798,-1.43541,-0.718028,-2.55442,-1.28889,0.217761,-1.09777,-1.80325,-1.10303,-0.903235,-1.33956
0.447873,-0.584222,-0.29419,0.232878,1.16807,-0.893062,1.59381,-0.591364,0.490026,1.27837,-0.211794,-0.741583,-0.321409,-1.43059
3.18837,0.235593,1.00883,2.87338,3.8188,-0.170008,2.69692,1.75722,-0.179256,2.19468,2.4103,0.626719,1.32485,0.00264169
2.59101,-0.263425,1.31846,3.60784,2.87593,0.948363,-0.174067,2.36862,-1.11117,0.620576,2.18401,1.31244,1.38974,1.9756
0.0588563,-0.403902,0.850573,1.51176,0.406132,0.392363,-2.20596,0.711052,-0.214052,-0.93356,0.389739,0.84073,-0.367654,0.782737
0.846853,0.821156,0.364462,1.81701,0.702742,-0.146683,0.249308,0.834856,0.790318,-0.331321,1.39469,0.0335862,-0.609098,-0.864403
2.54583,1.5271,0.278155,2.3997,1.63163,0.714182,2.54716,1.87419,0.213411,0.606006,2.47494,-0.0906042,0.0865694,0.160984
1.76365,-0.0804505,-0.0907396,0.238058,0.844504,0.473087,0.413122,1.37415,-0.824771,0.734271,0.793265,-0.0156477,0.838005,0.794971
-0.277939,-2.1083,-1.057,-1.30049,-1.58592,-0.816664,-3.41976,-0.117873,-1.49729,-0.533489,-0.73441,-0.351476,1.19785,0.098038
-0.869776,-2.01174,-0.961314,0.0762656,-3.58881,-1.08724,-3.27776,-1.09389,-1.04646,-2.10628,-0.0286992,-0.692049,0.488899,-0.300566
0.602572,-0.445463,0.367551,2.26777,-2.41123,-0.23427,1.03218,-0.813428,0.0813669,-1.52385,0.779302,-0.894805,-0.268758,-0.314183
1.50629,0.57236,1.28706,1.48667,0.128686,0.948749,2.92052,-0.398249,0.393185,0.207483,-0.26908,-0.51505,-0.404228,-0.0202618
0.170223,0.62271,0.867138,-1.03155,0.904619,1.19547,1.49673,-0.682742,0.465453,0.75914,-1.40638,-0.00590676,-0.659354,0.0843664
-1.38953,0.353726,0.17712,-1.55577,0.328465,0.483757,0.656252,-0.782545,0.851186,0.708273,-1.0366,0.403975,-0.894597,0.0617956
-1.0172,0.0277601,0.420752,-1.28348,0.774978,0.478466,0.825439,-0.00700695,0.758636,1.29993,-0.637347,1.20214,0.169469,0.91714
0.950884,0.00663225,0.905704,-1.16967,2.19613,1.2613,-0.284379,1.6696,0.127873,1.21284,-0.734452,1.84162,1.55273,1.92421
2.40495,-0.209958,0.442289,-1.00005,2.36849,1.76694,-4.15185,3.1585,-0.493855,-1.10803,-0.598789,1.72811,1.68933,2.02697
2.33035,-0.657625,-0.542877,-1.29179,1.43675,1.23787,-6.40117,3.11888,-0.732148,-3.37629,-0.147562,0.645569,1.05609,0.7475
1.16851,-0.624476,-0.864879,-0.864393,0.901905,0.291294,-3.74011,1.1404,-0.778215,-2.72268,0.49543,-0.922912,0.570297,-0.761628
0.553977,-0.206744,0.13303,0.605635,0.8024,-0.0728897,1.11405,-0.758304,-0.441602,-0.254622,1.32247,-0.90237,0.637695,-0.733543
1.32699,-0.26768,1.39309,1.18925,0.956425,0.035783,4.16085,-0.963665,-0.151008,1.37151,1.45729,-0.146287,0.8636,0.0326965
2.30226,-0.450672,1.85712,0.825364,1.35604,0.0355248,3.78338,-0.743639,-0.377338,1.27998,1.01698,-0.43721,1.12809,-0.0745511
2.27009,-0.563602,1.43585,0.0582141,1.85629,-0.192246,0.992034,-0.761501,-0.845807,0.155171,0.829983,-0.789123,1.53337,-0.496962
1.04716,-1.17807,0.201515,-0.947712,1.57692,-0.343862,-1.87689,-0.812851,-1.22463,-0.954618,0.686837,-0.765421,1.00651,-0.409074
-0.0841702,-1.40904,-0.648394,-0.531687,0.193173,-0.601506,-2.3593,-0.774474,-1.01489,-1.01542,0.766053,-0.508347,-0.517025,-0.374643
-0.80698,-0.969671,-0.48195,-0.143756,-1.18558,-0.827043,-1.82047,-1.02377,-0.676463,-0.805855,0.320641,-0.0276583,-1.76242,-0.571456
-1.65082,-0.547458,-0.0377064,-1.21251,-1.95392,-0.496568,-1.79867,-1.50391,-0.605929,-0.862949,-0.813786,0.203271,-2.25631,-0.518231
-2.6519,-0.204224,-0.361539,-1.18878,-2.20878,-0.122633,-1.61207,-1.77252,-0.547715,-0.861811,-1.42264,-0.279067,-2.23475,-0.501846
-3.67362,-0.022804,-1.22941,-0.891078,-1.81234,-0.436454,-0.305692,-2.19649,-0.60858,-0.633377,-1.70118,-1.10754,-1.80294,-0.67992
-3.45772,0.36038,-1.19,-1.1594,-0.499936,-0.838974,2.27602,-2.21981,-0.353136,0.470994,-1.38424,-1.26993,-0.605422,-0.387377
-2.20789,0.686737,-0.327653,-0.580099,0.644089,-0.53991,4.15053,-1.84971,0.208607,1.88355,-0.425889,-0.616555,0.954356,-0.0647946
-1.14134,0.716792,0.577131,-0.294283,0.435629,0.101125,3.58521,-1.77493,0.505156,2.14373,0.295628,0.0278178,1.69071,-0.0664825
-0.185974,1.02551,1.09546,-0.538499,-0.550119,0.290042,1.13262,-1.45014,0.36512,0.709161,1.27854,0.154684,1.32407,-0.196108
0.292457,0.586374,0.776691,-0.431941,-1.21878,-0.0418338,-0.151639,-0.970013,-0.0458192,-0.367118,2.03109,-0.194995,0.486643,-0.450348
0.729845,-0.614041,0.425896,0.301792,-1.02666,-0.437912,1.63183,-0.212468,-0.0960208,0.86951,1.88359,-0.430754,0.464629,-0.520958
1.15369,-1.09391,0.433713,0.710049,-0.523859,-0.566515,3.8268,0.854049,0.0618388,1.7698,1.5805,-0.436811,1.31504,-0.265668
0.866985,-0.973136,0.141525,-0.11491,-0.259662,-0.581086,4.14456,1.15265,0.0128991,0.823527,1.17105,-0.159819,1.84388,0.0366304
0.132853,-1.19182,-0.485194,-0.851236,0.0272019,-0.587952,3.57117,0.483826,-0.13878,0.947417,0.298382,0.547368,1.87262,-0.0398647
-0.488789,-0.788362,-0.704042,-0.15823,-0.280607,-0.430526,3.02769,-0.161295,0.0702049,1.85012,-0.00888048,1.13459,1.47333,-0.34559
-0.701541,0.404658,0.0660173,0.658378,-0.981354,-0.352079,3.00339,-0.318611,0.362589,1.63719,0.288078,1.59697,0.853258,-0.469424
-0.521418,0.679801,0.94359,0.574273,-0.543876,-0.615958,3.16058,-0.0574227,0.0250801,1.55806,0.0595256,1.89164,0.437753,-0.544948
0.168647,0.594358,0.67811,1.04424,0.664375,-0.86795,2.3117,0.698217,-0.262207,1.7652,0.217266,1.35296,0.176953,-0.471542
0.77913,1.25365,-0.268755,2.64673,1.48169,-0.630299,0.871073,1.1522,0.296024,1.33746,0.766052,0.255945,0.0694863,-0.199284
0.884241,1.77133,-0.634016,3.43671,1.75814,-0.109602,0.216982,0.982637,0.884903,0.658728,0.889903,-0.178537,0.118482,0.0302794
0.809322,1.27682,-0.0811686,1.5429,1.68725,0.263934,0.338799,0.424863,0.842711,0.143192,0.808153,0.149544,0.15028,0.31365
1.41813,0.354635,0.536538,-0.295472,1.28247,0.0563144,0.683677,0.199093,0.413661,0.146363,1.27138,-0.138993,0.0733568,0.166583
2.71405,-0.225584,0.8446,-0.291245,1.05502,-0.644635,1.29219,0.882565,-0.0510647,0.178426,2.33414,-0.921807,-0.177315,-0.420347
2.80765,-0.448784,1.15706,-0.401192,1.16556,-0.693383,2.15006,0.964707,0.0704088,0.155803,2.07291,-1.25627,-0.304025,-0.605671
2.25262,-0.0280943,1.22837,0.881447,1.13566,-0.0102407,2.14419,0.462873,-0.0291944,0.164133,0.993534,-1.68245,-0.00708606,-0.622896
2.60521,0.829377,0.944143,3.09935,1.58677,0.421063,0.156721,0.278249,-1.07342,-0.732758,0.326829,-2.28572,-0.0261124,-0.831618
2.65827,0.848155,0.408294,3.38815,2.50634,0.464085,-2.25546,-0.281423,-1.92019,-1.46166,-0.433603,-2.5756,-0.810411,-0.78332
1.1818,0.297064,-0.130499,2.3379,2.45317,0.415839,-3.14617,-1.22991,-1.55365,-0.946294,-1.15896,-2.13517,-1.4763,-0.278494
-0.975145,0.407768,-0.327613,0.124632,1.0007,0.650603,-2.52551,-1.74949,-0.436974,-0.0933924,-1.86629,-0.942825,-1.0726,0.569866
-1.6353,0.789508,-0.205264,-1.91501,-0.0686381,1.18516,-1.22398,-1.00188,-0.144488,0.677037,-2.38866,-0.0602413,0.129533,1.27296
-0.512519,0.831985,-0.060946,-1.54777,0.0370212,1.51691,-0.250306,0.893647,-0.269698,1.9815,-2.07568,0.790247,0.860294,1.79932
0.733253,0.654547,0.00770883,-0.192721,0.300874,1.20186,-0.0381505,2.57703,0.229062,3.38946,-1.1419,1.8176,0.655253,2.37916
0.954499,0.688169,-0.216917,0.613256,0.451633,0.333025,-0.0215843,2.65658,0.886215,3.27987,-0.498573,1.30949,0.0704106,2.39718
0.376341,1.14646,-0.187212,1.01749,0.232141,-0.272574,0.791941,1.27685,1.29519,1.91324,-0.0987741,0.204767,-0.233136,1.7059
-0.0120796,1.30372,0.21766,1.07771,-0.154792,-0.424911,1.43972,0.00754109,1.16997,0.793927,0.133074,0.0875021,-0.250683,0.576309
0.218287,1.02853,0.0530515,1.06603,-0.24102,-0.616914,0.521742,-0.403681,0.694395,0.0802588,0.374154,0.0571453,-0.360127,-0.504412
0.68174,0.740038,0.104589,0.797007,-0.707049,-1.06299,-0.139641,-0.281227,0.357751,-0.0623956,0.837937,0.259936,-0.489866,-0.916319
0.378415,0.325015,0.391215,0.0639375,-1.89043,-1.63764,-0.154899,0.0620459,0.0614025,0.111857,0.79566,0.674355,-0.588733,-1.04606
-0.708734,-0.276631,-0.0353138,-0.856229,-2.66801,-1.77461,-0.0348879,0.335435,-0.201109,-0.179432,0.419349,0.55161,-0.627676,-1.36587
-1.7306,-1.06012,-0.806831,-2.08219,-2.73835,-1.17424,0.985051,0.444207,-0.258649,-0.18242,0.0554398,0.0465011,-0.485149,-1.19618
-2.37968,-1.33636,-1.49697,-3.51,-2.8753,-0.211865,-0.18971,-0.0502836,-0.260134,-0.794737,-0.834778,-0.604362,-0.474955,-0.529774
-2.43469,-0.893319,-1.88297,-4.03778,-2.67626,0.588734,-3.24672,-1.1876,-0.0282165,-2.74631,-1.9127,-1.15835,-0.876039,-0.195139
-1.55524,-0.541079,-1.92015,-2.71289,-1.76205,1.13013,-3.72091,-1.42652,0.356799,-3.99665,-1.71886,-1.70834,-1.08044,-0.0262442
0.406522,0.135226,-1.14804,0.256602,-0.370643,1.3096,-1.97022,-0.0343996,0.517934,-3.73021,0.254304,-1.55672,-0.443505,0.16731
2.09654,0.961698,0.123899,2.84247,1.0408,1.05422,-0.918361,1.05832,0.752455,-3.04432,2.14914,-0.664422,0.524498,0.200961
1.56942,0.549821,0.534722,2.69865,1.73623,0.783159,-1.02118,0.190218,1.04775,-2.21868,1.90773,-0.457802,1.16074,0.191091
0.113021,0.0299264,0.579372,1.34632,1.82839,0.635579,-0.113519,-0.768992,1.27291,-0.66846,0.776486,-0.667865,1.66289,0.409347
-0.395344,0.425537,0.620753,0.701102,2.03874,0.65061,1.23687,-0.410249,1.22696,0.678362,0.513186,-0.487708,2.14649,0.782817
-0.330199,0.616927,0.183675,0.183989,2.32089,0.953883,1.89539,-0.0690902,0.676557,1.34001,0.329458,0.169706,2.26988,1.27732
0.582838,0.93052,-0.246348,0.563172,2.18309,1.09315,1.81252,0.282551,0.637662,1.513,0.555237,1.05046,2.05461,1.5799
1.41705,0.840776,-0.745089,1.11191,1.92583,1.04799,-0.173172,0.807061,0.481622,0.6677,0.885109,1.42998,1.78143,1.43942
0.852104,-0.269828,-0.992055,0.289127,1.81436,1.32627,-2.008,0.784052,-0.333554,0.211381,-0.18414,1.3049,1.58546,1.52484
0.430068,-0.972017,-0.508651,-0.263939,1.75449,1.24459,-0.913314,0.951853,-0.567982,1.18396,-0.865321,1.1035,1.28319,1.58768
0.255589,-0.673029,0.264224,0.258824,1.29275,0.336951,1.57893,1.53901,-0.204626,1.92535,-0.290667,1.21179,0.454863,0.995677
-0.476949,0.184642,0.855515,0.487049,0.113486,-0.623968,3.24265,1.93327,0.516085,2.17416,0.118604,1.72681,-0.679379,0.293111
-0.258132,0.916167,0.942466,0.936535,-0.794493,-1.2272,3.15792,2.08844,0.88782,1.31262,0.847846,1.71301,-1.41378,-0.112897
0.934301,0.913831,0.839414,2.49668,-0.949858,-1.24706,1.88097,1.60299,0.30716,-1.30063,2.01402,0.396945,-1.66055,-0.606768
0.941426,-0.169557,0.410739,2.82016,-1.16379,-0.848292,0.704345,0.102664,-0.472452,-2.66679,2.17017,-1.39543,-1.90682,-1.31961
-0.407475,-1.22755,-0.286761,1.3355,-1.68879,-0.705321,0.365035,-1.53297,-0.735516,-1.39578,1.39723,-2.24384,-1.92585,-1.83323
-1.2192,-0.744783,-0.144926,0.635921,-1.4963,-0.977518,0.172741,-2.00453,-0.471283,-0.00232068,0.666356,-2.0705,-1.26108,-2.17157
-1.445,0.256515,0.940856,0.17278,-0.562393,-1.04997,-0.482457,-1.65335,0.0557024,0.145246,-0.384159,-1.41052,-0.638175,-2.06585
-0.729019,0.515059,2.08228,-0.706839,0.0491561,-0.558806,0.291904,-0.500879,0.366876,0.212317,-1.12024,-0.323132,-0.197433,-0.969402
1.14352,0.267623,1.95144,-0.622548,0.218058,-0.0257382,0.924766,1.09577,0.136029,0.200016,-0.401078,0.710583,0.265559,0.211172
1.6367,-0.202672,0.541865,-0.179779,0.061994,0.372137,-0.589405,1.11099,-0.022821,-0.259263,0.904555,1.0819,-0.0863933,0.756522
0.945863,-0.649894,-0.516015,0.5125,-0.0216187,0.547614,-1.89866,-0.215746,-0.0385135,-0.416523,1.55544,0.767409,-0.770882,0.741564
0.239284,-1.03321,-0.846659,1.17478,0.134547,0.380644,-2.39282,-1.54223,-0.325721,0.073974,0.901651,0.326947,-0.876216,0.0552862
-1.21488,-1.29156,-1.10006,-0.368579,-0.0931795,0.13188,-3.1546,-2.58326,-0.451887,0.577074,-0.844327,0.34273,-0.761053,-0.356681
-2.48305,-1.57494,-1.38714,-3.53063,-0.389671,0.102496,-3.5021,-2.79906,-0.357626,-0.358703,-2.31377,-0.0913708,-0.58488,0.512585
-2.23605,-1.53041,-1.56851,-5.06992,0.183473,0.453184,-2.75857,-2.04547,0.0634275,-1.82465,-2.64999,-1.56912,-0.411225,1.50551
-1.20389,-0.630529,-1.55894,-3.70091,1.1189,0.637038,-1.83997,-1.34474,0.935485,-1.59135,-1.9361,-2.48752,-0.365736,1.11476
-0.122803,0.338857,-0.974512,-0.663969,1.25388,0.483816,-1.72602,-0.956249,1.05051,-0.581953,-0.559021,-1.92739,-0.222267,-0.00827448
0.550538,0.476213,-0.243454,2.01192,0.416485,0.267617,-2.10792,-0.557798,0.192326,-0.0262619,0.318254,-0.7163,-0.135662,-0.633368
0.299384,-0.406231,-0.384412,3.10167,-0.728049,-0.182483,-1.83528,-0.342841,-0.325602,0.531498,0.366543,-0.17009,-0.710344,-0.89193
0.38448,-1.23715,-0.577929,2.981,-0.9552,-0.71304,-0.0982748,0.228351,-0.348654,1.52573,0.539411,-0.250636,-1.0551,-0.94697
1.19933,-0.618991,0.66631,2.66361,-0.400315,-1.1242,2.62623,1.39041,-0.0598075,2.94427,1.01417,1.01458,-0.0754712,-0.58857
0.807041,0.273724,1.76877,1.57552,-0.296141,-1.21025,4.01438,1.96184,0.3212,3.65955,0.465049,2.86451,1.17363,0.147226
-0.329032,0.126892,1.22422,0.0927867,-0.603506,-0.975186,3.14713,1.72357,0.0181575,2.71282,-0.614281,2.98704,1.45252,0.521351
-0.608834,-0.0302466,0.23851,0.238044,-0.862629,-0.441986,1.27679,1.57217,-0.653769,0.930411,-0.55389,2.01386,0.571191,0.392027
-0.877665,0.4338,-0.569285,0.932235,-0.52795,0.602885,-0.912943,1.39584,-0.582685,-0.758887,-0.109715,1.1921,-0.239965,0.971708
-1.39043,1.09597,-1.28274,0.376468,0.210986,1.19153,-1.67834,1.01797,0.448275,-1.86678,0.451045,0.495287,0.159921,1.28251
-1.24586,0.972593,-1.59226,-0.483623,0.35935,0.609328,-0.799039,0.684096,0.900864,-1.70822,1.32463,-0.479523,0.886665,-0.115923
-0.0883222,0.798525,-0.622483,-0.146497,0.15779,-0.178746,-0.31203,0.237436,0.457708,-1.1798,1.7881,-0.993521,0.777788,-1.77693
1.37137,1.84921,1.433,0.955789,0.214469,-0.136319,0.0401651,-0.366188,0.69562,-1.35371,1.43396,-0.369482,-0.0417781,-2.07867
1.67403,1.97921,2.34246,0.649854,0.535919,0.153547,0.818634,-0.847183,0.719162,-0.66262,0.024298,0.241434,-0.184706,-1.5109
0.913593,0.251811,1.32211,-0.856177,0.508997,-0.21944,0.640754,-0.754914,-0.260346,0.641688,-1.3956,0.0328502,0.479668,-1.00241
0.418609,-0.880324,0.400658,-0.4934,0.195261,-0.499634,-0.643375,-0.184259,-0.347501,0.552263,-1.69463,-0.276406,0.264156,-0.573647
1.03991,-0.088516,0.410654,1.35629,0.69939,-0.223468,0.277514,0.678841,0.98769,0.574136,-0.93585,-0.223782,-0.172271,-0.369265
3.1624,1.89076,0.913722,2.43528,1.62559,-0.00172966,2.79381,2.04167,2.16165,0.521648,0.820102,0.305921,0.391822,-0.452963
5.33287,3.58293,2.00254,2.95534,2.11303,0.20219,2.42908,3.0059,2.44009,-0.963645,2.18959,1.52373,0.7675,-0.309391
5.31482,3.60556,2.6192,2.34046,2.14826,0.140939,0.411777,2.50945,1.78792,-1.68739,1.95639,2.67148,0.412132,-0.0170986
3.66889,2.36924,1.97328,0.717312,2.04924,-0.445445,0.0922973,1.28186,0.434105,-1.29685,0.953722,2.21994,0.0586703,-0.282202
1.76467,1.29047,0.381768,0.0528881,2.14668,-0.318525,0.00487536,0.434307,-0.340307,-1.07011,-0.0547337,0.264328,-0.24094,-0.739161
0.157855,0.451846,-1.5655,0.401909,1.85772,0.558745,-0.895277,-0.0289574,-0.410328,-0.000779745,-0.385115,-0.9187,-0.195525,-0.541745
-0.250295,-0.113388,-1.88538,0.694663,0.974287,1.01557,-0.222615,-0.293755,-0.419591,1.53803,-0.249207,-0.667342,0.685524,0.291458
-0.167682,-0.39676,-0.427555,0.643207,0.231071,1.02717,1.23551,-0.543537,-0.192319,2.13945,-0.4394,-0.103541,1.23616,1.16036
-1.1354,-0.816094,-0.105287,-0.0473169,-0.407715,0.432608,1.17273,-0.815223,0.0567229,2.53243,-0.632645,0.36175,0.698764,1.27148
-2.82551,-1.34253,-1.45437,-1.26001,-1.27803,-0.428336,0.257497,-1.02388,-0.245503,2.38267,-1.03143,0.14779,-0.207034,0.728907
-3.66316,-1.30622,-2.30696,-1.80801,-1.88691,-0.456786,-0.187358,-1.22484,-0.556332,0.670891,-1.34119,-0.746776,-0.954851,0.0696914
-2.92424,-0.744323,-1.85651,-1.60984,-1.72097,0.173993,0.211309,-1.04956,-0.483514,-1.02781,-0.706231,-1.51563,-1.48027,-0.653853
-1.35994,-1.15544,-1.00762,-2.01541,-1.05504,0.612326,1.09217,-0.29483,-0.83336,-1.0946,-0.305692,-1.66697,-1.33448,-0.663235
0.604544,-1.26685,0.0817607,-1.85811,-0.669079,0.343329,2.04332,0.645486,-1.08754,-0.219091,-0.100514,-0.876614,-0.439831,0.0975565
2.30951,-0.233925,1.09736,0.0862527,-0.644509,-0.143595,1.48743,1.07842,-0.869246,0.193494,0.51049,-0.0225049,-0.102587,0.490335
2.09792,-0.718859,0.781298,1.05271,-0.708663,-0.0111202,-0.982354,0.654029,-1.17092,-0.0543633,0.176318,0.0169583,-0.324291,0.531781
0.36675,-2.05746,-0.176777,0.343816,-0.686756,0.296706,-1.66483,-0.0473016,-1.63574,0.319114,-0.803206,-0.129636,-0.296239,0.691069
-0.901843,-1.696,-0.349265,-0.103777,-0.846011,-0.0874239,0.036642,-0.618653,-1.2323,0.736405,-0.929642,-0.268296,-0.505633,0.584566
-1.38629,-0.663905,-0.286113,-0.632366,-1.5559,-0.805874,0.28431,-1.04579,0.0162047,-0.539141,-0.41191,-0.693892,-1.21646,-0.314865
-1.79584,-0.706261,-0.938785,-1.39525,-1.75506,-1.03555,-0.505713,-0.830061,0.795529,-1.60963,-0.226053,-1.20601,-1.73073,-1.23496
-1.60234,-0.660286,-1.7022,-1.18241,-1.16623,-0.876754,-1.06154,0.116771,0.207392,-1.39434,-0.0178118,-1.51887,-1.64494,-1.40041
-0.357795,0.488474,-1.20808,0.0719117,-0.549706,-0.486965,-1.89869,0.898565,0.0417373,-1.32874,0.414212,-1.15094,-1.39719,-1.17081
0.687813,1.46742,0.161264,0.926782,0.00714914,-0.05011,-1.388,0.823503,1.3045,-1.17283,0.341722,-0.0997627,-0.767924,-0.561776
-0.0383965,0.975715,0.249549,-0.331631,0.175779,0.147107,-0.942272,-0.235843,1.60417,-1.04443,-0.761103,0.402043,0.357804,0.484527
-1.96143,-0.160494,-0.772117,-2.43879,-0.0258416,0.151144,-1.96525,-1.649,0.634396,-1.16697,-1.53968,0.0170489,0.898353,0.997689
-3.22217,-0.912275,-0.995743,-2.8568,-0.563473,0.136948,-1.81418,-2.28269,0.068086,-0.332866,-1.05213,-0.0360913,0.630076,0.612988
-2.70577,-1.23499,-0.302742,-1.43964,-1.05259,0.151203,0.19455,-1.60837,-0.820687,1.29857,-0.597721,0.524204,0.515852,0.220609
-0.824857,-0.640509,0.58425,0.203391,-0.72067,0.207628,2.41388,-0.313775,-1.91671,2.12547,-0.585429,0.987497,0.840254,0.353779
1.04977,0.597427,1.24022,1.13568,0.0766632,0.587589,3.09744,0.775444,-1.4527,2.11566,-0.371883,1.04461,0.990422,1.16659
1.76946,1.59391,1.21733,1.56203,0.52039,0.968269,0.967874,1.25215,0.440917,1.45084,0.333886,0.99421,-0.10259,1.53861
0.651981,0.757771,0.071276,0.331706,-0.442878,0.806506,-2.49114,0.453654,1.04451,-0.0127102,-0.125986,0.222914,-1.41289,0.887963
-0.808988,-0.75991,-0.76817,-2.45751,-2.00536,0.165558,-3.53557,-0.962705,0.183084,-1.4561,-2.06713,-0.683984,-1.25775,0.358533
-1.14274,-0.280603,0.0642944,-2.89947,-2.18823,-0.709944,-1.65334,-0.932494,0.402641,-1.42927,-2.21122,0.259542,-1.26798,-0.208542
-0.855381,0.239127,0.559349,-0.148087,-0.826483,-1.16942,0.418459,-0.102014,0.511742,0.0640002,-0.53733,0.523037,-2.04464,-0.966124
-0.360038,0.058403,0.32636,1.39639,0.287698,-0.384393,1.96528,-0.0455038,0.0422834,1.18468,0.28571,-0.274518,-1.54909,-0.255225
-0.302487,0.284898,0.0266602,0.0289519,-0.6269,0.834527,1.47658,-0.0243999,0.134191,0.710231,-0.314436,0.0725749,-0.312213,1.4631
-0.825486,0.113267,-1.00211,-1.66204,-2.02496,1.09555,-1.28465,0.292909,-0.141927,-0.478168,-1.51991,-0.24387,-0.0332926,1.79939
-1.25925,-0.368989,-0.870659,-1.53709,-1.7463,0.633738,-0.326727,0.422936,-0.414125,-0.0801839,-1.70936,-0.492957,0.0644524,0.936036
-1.18952,-0.236284,0.506142,-0.697855,-0.840284,0.116306,2.56139,0.210773,0.393174,0.53666,-1.1254,0.426525,0.157442,0.139213
-0.0761036,0.86331,0.798992,-0.236374,-0.666842,-0.426172,1.41745,0.494963,1.47002,-0.32838,-0.483503,0.613515,-0.329429,-0.180494
0.104654,1.36564,0.00880153,-0.00552999,-0.745905,-0.572369,-0.228012,0.461591,1.27413,-1.12297,0.559378,-0.215283,-0.314991,0.244132
-1.3574,0.242398,-1.01843,-0.732007,-0.565982,0.165753,-1.27544,-0.7439,0.272144,-1.66671,0.590331,-1.03877,0.50584,1.07419
-1.99004,-0.989189,-1.52219,-2.19666,-0.324561,0.720353,-3.10225,-1.56574,-0.303365,-2.48248,-0.862026,-1.21419,0.768917,0.994059
-1.27002,-0.966928,-0.670496,-2.75912,-0.0306069,0.338445,-3.23691,-1.44557,-0.0756486,-2.53719,-1.74208,-0.320243,0.320898,0.0224165
-0.0655967,-0.634747,0.577647,-1.3314,0.564739,0.200449,-2.24054,-0.623488,-0.0215588,-1.71292,-0.867675,0.757317,0.0132069,-0.457433
1.13827,-0.51466,1.0602,0.936104,1.06463,0.266838,-1.98777,0.750438,-0.300136,-1.5113,1.07385,1.06383,-0.260628,-0.674022
1.1751,-0.167138,0.585824,2.04645,0.533057,-0.391016,-3.2982,0.856224,-0.0286763,-2.50272,2.28391,-0.151187,-1.05638,-1.55681
0.182846,0.169597,-0.646823,2.10865,-0.56354,-1.28907,-4.61817,-0.474286,-0.0300787,-2.93452,2.45618,-2.12018,-1.61107,-2.6852
-0.975483,-0.240097,-1.80733,0.953376,-0.934359,-1.30609,-3.6537,-1.10707,-0.9915,-1.40024,1.32568,-2.44049,-0.76689,-2.32086
-2.61817,-1.29444,-2.31139,-0.838207,-0.83454,-0.343469,-2.2678,-1.1201,-1.68443,0.309547,-0.69401,-0.987501,0.660297,-0.698539
-3.03618,-1.25219,-2.02486,-0.887914,-0.685197,0.282017,-1.47784,-0.811314,-0.800633,1.48044,-1.13245,0.524514,1.57843,0.377491
-1.63821,-0.708763,-1.55869,0.747932,-0.503021,0.532891,-0.734141,-0.109512,0.038964,1.70653,-0.104587,0.516189,1.54118,1.1046
0.961071,-0.23808,-0.411063,3.28187,0.0328055,0.796058,0.657353,1.1071,0.432131,1.4131,1.23223,0.393734,0.944946,1.22048
3.6651,0.156515,1.39136,4.28527,0.97967,0.82306,3.27337,2.31238,0.498195,2.16775,1.6072,0.743354,1.11955,0.527849
4.6135,0.325663,2.517,3.13982,1.56095,0.796568,4.65958,2.25818,-0.249091,2.349,1.28303,0.774144,1.82809,0.0303442
4.34843,1.12693,2.70584,2.58636,1.82766,0.537733,3.94649,1.83385,-0.00526452,2.10204,1.88008,1.06291,2.04199,0.0122826
2.91938,1.30751,1.87577,1.81768,1.50592,0.0518393,3.32938,1.34212,0.443018,2.30212,2.25871,0.791849,1.46722,0.170886
0.677809,0.654705,0.851118,0.164437,0.492769,-0.503062,2.76435,0.164051,-0.0616251,1.61091,1.22365,0.482043,0.383339,-0.303194
-1.1725,-0.137062,-0.0264563,-1.49314,-0.346734,-1.00617,2.08439,-1.02718,-0.903042,0.476752,-0.650362,0.63476,-0.390434,-0.960205
-1.81149,-0.65935,-0.62781,-2.32132,-0.411871,-1.1226,3.14485,-1.11702,-1.5577,0.768087,-1.35558,0.667853,-0.0613907,-0.759886
-0.699875,-0.572783,-0.432149,-2.65896,0.194395,-0.755383,3.95684,0.00935785,-1.37862,1.96202,-0.772106,0.579786,1.05627,0.378222
0.138544,-0.722101,-0.180108,-4.02147,0.109613,-0.191844,0.607008,0.699747,-0.502155,1.01415,-0.930698,0.568952,1.4163,1.67281
-0.516496,-0.83869,0.118334,-4.35405,-1.10749,-0.0428511,-3.90556,0.292765,0.38603,-1.41828,-1.87446,1.45036,0.888471,1.30054
-0.62585,-0.54308,0.688844,-2.07452,-1.68431,-0.0545006,-3.53418,0.239791,0.315364,-2.22913,-1.68712,1.9243,0.780559,0.0247786
0.780572,0.268992,0.640428,0.487234,-0.246713,0.141095,0.368764,1.19528,0.014493,-1.09159,0.364533,0.580607,0.850329,-0.374277
1.32799,0.554114,-0.0723821,0.207614,1.9531,0.410492,2.66599,1.18329,-0.0970062,1.08668,1.35051,-0.767455,0.485139,-0.0851613
0.196921,-0.00938137,-0.23365,-1.80973,2.54739,0.546432,2.23453,-0.207383,-0.366304,2.29334,0.318914,-0.745439,0.116796,0.475248
-1.14621,-0.0718582,-0.12533,-2.07094,0.810431,0.197358,-0.843799,-1.31158,-0.145704,1.17715,-0.992903,-0.531812,-0.406485,0.298423
-1.93675,0.0891866,-0.56693,-1.20601,-1.25614,-0.151686,-4.64108,-1.78953,0.0136798,-1.39895,-1.87181,-0.577036,-1.3167,-0.589032
-1.79864,-0.273534,-1.0626,-1.13585,-1.36486,-0.0972801,-5.13736,-1.85311,-0.373884,-3.22831,-1.96013,-1.04577,-2.08707,-1.29171
-1.47089,-0.463824,-0.711564,-1.46377,-0.408177,0.12156,-3.18657,-2.21182,-0.349504,-3.33912,-1.51804,-1.6596,-2.18079,-1.48021
-1.12051,0.735425,0.596404,-0.722034,0.190895,-0.0106002,-1.24105,-2.609,0.657531,-2.63188,-0.728992,-1.19896,-1.61571,-1.15161
-0.173463,1.63993,1.75289,0.717952,0.645974,-0.505017,1.01131,-2.04778,1.00719,-1.21434,0.385597,-0.122386,-1.09692,-0.717848
1.77464,1.04548,2.52146,1.43773,1.37246,-0.506629,2.93215,-0.0310989,0.176449,0.259167,1.52421,1.42854,-0.677783,-0.0490762
3.22621,0.0311583,2.22422,0.582687,2.09168,0.292466,2.53398,2.06758,-0.525742,0.583845,1.4009,2.10155,0.00615343,0.733392
1.82341,-0.841812,0.631167,-1.00096,1.917,1.08573,-0.125056,1.85968,-0.823864,-0.418095,0.246734,1.32632,0.356609,1.09119
-0.782821,-0.605985,-0.618988,-1.53266,0.851645,0.66227,-2.3167,0.24408,-0.328793,-1.31535,-0.403807,1.07267,0.0949506,0.617481
-2.2534,0.146278,-1.2916,-0.675171,-0.751656,-0.577387,-2.14439,-0.890426,0.172137,-0.673801,-0.201281,-0.0222363,-0.748473,-0.34307
-2.07783,0.41084,-1.28002,0.825689,-2.05616,-1.40676,-0.381423,-1.1137,0.207182,0.89838,0.508648,-1.86678,-1.80129,-1.0126
-1.3147,-0.171135,-0.861188,1.61553,-2.22211,-1.4025,1.14619,-0.888755,-0.0265052,2.09674,0.29596,-2.38309,-2.08564,-1.51533
-0.772165,-0.961471,-0.559125,2.16027,-1.2724,-0.883904,2.64026,-0.0720327,-0.419005,2.766,0.336846,-1.9684,-1.1327,-1.43029
0.155004,-0.421348,-0.227639,2.41197,0.638224,-0.556289,3.66384,1.5507,-0.131438,3.2891,1.73949,-0.936638,0.609747,-0.157566
0.919749,0.561125,-0.296884,1.33546,1.92587,-0.508372,2.17579,2.36899,0.220825,2.42951,2.06765,0.240903,1.41987,0.862177
1.26219,0.617885,0.0306712,0.0210345,1.67832,-0.454954,-0.537302,1.82863,0.292475,0.171847,0.877591,0.810516,0.847334,0.135908
1.21337,-0.0392115,0.696154,-0.841248,1.18565,-0.129014,-1.9155,0.907592,0.282095,-1.91729,-0.205688,0.70319,0.377917,-0.613544
0.628206,0.042709,0.645906,-0.872819,0.72154,0.345286,-0.985067,0.493087,0.583148,-3.24046,-0.427104,0.350697,0.234511,0.241239
-0.721675,0.255237,0.0966512,-0.727899,-0.149063,0.764998,0.831156,-0.0378359,0.802684,-2.94625,-0.575406,-0.025735,0.221098,1.06489
-1.26042,0.00982192,-0.268563,-0.449857,-0.177658,0.724547,1.66805,-0.799098,0.395456,-1.20466,0.074163,-0.520284,0.254755,0.332159
0.197683,0.0563961,-0.189776,1.26018,0.65183,0.157903,0.324035,-0.298592,-0.0953283,0.0562398,1.81395,-1.22836,0.0183318,-0.713003
-0.0211686,-0.739299,-0.214698,0.951505,-0.132031,-0.610708,-2.70389,-0.636096,-0.471362,-0.735284,1.17811,-1.69079,-0.433992,-1.02221
-1.57228,-0.654091,-0.11151,-1.59486,-1.34641,-1.2127,-2.56127,-2.25958,0.199994,-1.94447,-0.841952,-1.34743,-1.05647,-1.74983
-1.72618,0.389444,-0.0456616,-3.09711,-0.280726,-0.721545,-0.899393,-2.86382,0.271082,-2.16989,-1.81552,-1.34249,-1.01348,-2.22765
-1.82367,0.557908,-0.245603,-3.30992,0.0115778,0.205991,-1.25086,-2.5892,-0.515869,-1.52103,-2.08645,-1.33555,0.19829,-0.774415
-1.81405,0.241868,-0.16429,-1.24531,-1.77513,0.338875,-0.852917,-1.41702,-0.341534,-0.426379,-1.15096,0.239416,1.01812,0.966244
-1.50719,-1.2412,-0.326498,-0.0118342,-2.17065,-0.212472,-1.05197,-0.831833,-0.804582,-1.02686,-0.904793,1.05281,-0.367963,0.652146
-1.04147,-1.88798,-0.514803,-1.40738,-0.706769,-0.575982,-1.62694,-1.05586,-1.40971,-1.70581,-1.508,0.161091,-2.11943,-0.131006
-0.0812947,-0.823874,-0.17059,-2.49478,0.752217,-0.172697,-0.558561,-0.237247,-0.972956,-0.438171,-1.27597,-0.143751,-1.82611,0.450768
1.44119,0.096636,0.441602,-1.10372,1.5502,0.220414,0.267346,1.42117,-0.221885,0.777984,-0.251598,0.427501,-0.387994,0.800609
2.44,0.554847,1.11766,2.09162,1.91297,0.272049,0.532206,2.23918,0.313902,1.23188,0.997484,1.13062,0.775842,0.832016
0.574331,0.0400411,0.439481,2.25323,1.21489,0.333431,-0.686398,0.759461,-0.246559,0.626409,0.688848,0.528972,1.49703,0.830146
-2.10815,-1.16107,-0.780084,-0.8348,-0.646108,0.323008,-2.03222,-1.50489,-0.846702,-0.665473,-0.763139,-0.959773,1.30365,0.0834633
-1.6222,-1.35871,-0.609645,-1.3621,-1.98555,0.712138,0.774841,-1.86373,-0.158413,-0.228981,-1.08929,-1.27261,-0.272102,0.550011
0.430471,0.114941,-0.00198622,1.31893,-2.05216,0.788656,3.89163,-0.834909,0.462393,0.421456,-0.195937,-0.512748,-1.28239,1.16747
1.44189,1.02602,0.407211,2.37658,-1.05279,-0.797097,1.75858,0.0407124,0.0193214,-0.251621,0.594045,0.297868,-0.131857,-0.853183
1.14813,-0.0705996,-0.13817,1.41852,0.342272,-1.89549,-3.34953,0.377211,-0.74755,-1.10754,1.09012,0.00103044,1.09447,-2.38141
-0.979717,-1.55721,-0.990339,0.363747,0.125184,-0.79837,-6.83149,-0.416888,-0.965186,-3.3143,0.777897,-0.619933,-0.30512,-0.974659
-2.12039,-1.27259,0.209972,-0.211262,-0.409513,0.8156,-4.55545,-0.572194,-0.282733,-3.75577,-0.0874375,0.146482,-1.68073,0.943459
-2.0532,0.205181,1.05801,-0.619268,-0.0184914,1.34021,-0.569703,-0.187447,0.656616,-0.534356,-0.913641,0.861393,-0.695717,0.537459
-2.51835,0.984915,-0.171533,-1.77801,0.0282723,0.361173,0.947813,-0.499477,0.643572,1.84128,-1.23129,0.618662,0.840126,-1.57228
-1.35082,1.2521,-0.50934,-1.79565,0.255778,-0.49608,3.94314,0.432665,0.381538,2.73266,0.16838,1.01495,1.79282,-1.71814
0.454253,0.8911,0.235181,-0.558433,-0.0826999,-0.234456,5.86885,1.5047,0.473629,2.44128,1.21042,1.38862,1.45158,-0.0114926
0.307266,-0.454552,0.072563,-1.05058,-1.16815,0.310825,3.10918,0.523244,-0.66445,0.277893,-0.162863,0.135837,0.0145661,0.591619
-0.716765,-1.12221,-0.161086,-2.54908,-1.70215,0.631522,-0.316284,-0.985982,-1.92433,-1.61817,-2.0426,-0.579848,-0.886063,0.14788
-0.240035,-0.618334,0.730743,-2.13837,-1.63187,0.341818,-0.402919,-1.17513,-1.61128,-1.11701,-1.98473,0.489401,-0.262462,0.0151501
0.465924,-1.09739,0.676969,-0.310813,-1.33525,-0.117267,1.25349,-0.773815,-1.2685,0.727063,-0.911518,1.14952,0.807196,0.437479
1.05316,-1.59499,-0.0001022,1.24397,-0.562912,-0.227431,2.53379,0.437599,-0.861261,2.50127,-0.0535867,1.61873,1.79237,1.30502
2.26057,-1.04906,0.148759,2.25087,0.222948,-0.0365389,2.1675,2.24705,-0.186233,3.27528,0.535845,2.00298,2.26444,2.13409
2.98836,-0.395628,0.482793,2.73387,0.298771,-0.148114,0.532258,2.90604,0.308501,2.00168,1.14248,1.56681,1.52752,1.7536
2.81167,0.208847,0.298752,2.0391,0.636628,-0.549067,-0.27084,2.22486,0.912044,0.53006,1.62909,0.4244,0.790357,0.438316
0.332466,-0.454189,-1.19019,0.391125,0.517309,0.217644,-1.47149,0.229428,0.373676,0.600692,0.788427,-1.77909,0.62469,0.106221
-2.19566,-1.08184,-1.73075,0.537283,-0.226587,1.32658,-3.23596,-1.31358,-0.122823,0.423477,0.132737,-2.68415,0.514586,0.886234
-0.519951,0.207032,0.35773,2.00784,-0.168838,0.876785,-4.33263,-0.470518,1.20925,-2.41706,0.34535,-0.675263,-0.612091,0.725416
1.20531,0.597807,0.654796,0.919959,-0.334463,0.320935,-5.97428,0.257603,1.37052,-5.20322,-0.672387,-0.023321,-2.07796,-0.275261
0.0626659,-0.565166,-1.31993,-1.29602,-0.00420124,0.765056,-4.72453,0.0248371,0.30579,-3.32678,-1.49499,-1.15036,-1.14922,0.538248
0.734562,-0.267343,-0.6658,-1.38839,1.49518,0.774306,1.06783,0.967807,0.789108,0.784997,-0.219017,-0.269325,0.708675,1.89828
1.73338,0.0602868,0.311419,-1.21167,1.44809,0.203261,2.84338,1.30662,0.681242,2.01618,0.120993,0.0835164,1.25185,1.04215
0.506549,-0.538253,0.344573,-1.4186,0.0840406,0.169772,0.359356,0.219823,-0.556118,1.31069,-0.948993,-0.186658,1.24977,0.00137831
0.000564148,-0.520851,1.41843,-0.858501,-0.356136,0.373824,0.0161111,0.113661,-0.867994,2.01453,-0.900735,1.46704,1.18782,0.301627
1.11928,-0.305208,2.01583,0.459654,0.053409,0.305465,1.55549,1.29825,-0.581091,3.10688,0.618178,3.06467,1.38629,0.954928
1.99494,0.341628,1.7057,2.10007,0.855562,0.560708,3.30519,2.18261,0.12261,3.28813,2.38204,3.80336,2.27961,1.59316
0.545389,0.0871709,-0.242888,1.86469,1.77806,1.17379,2.5905,1.38142,0.0121708,2.67346,1.75177,2.78513,2.52378,1.74795
-1.39653,-1.05243,-2.16886,0.805368,1.85883,1.13501,-0.432136,-0.15187,-0.923342,0.976106,-0.246693,0.582696,1.14516,1.14344
-0.962894,-0.764326,-1.73778,1.99243,0.795422,0.221116,-1.63918,-0.215359,-0.83956,-0.256642,-0.583489,0.104879,0.0111548,0.354236
0.488106,0.566627,-0.549745,2.58094,0.0308936,-0.455151,0.0357789,0.916397,-0.0557332,-0.51201,0.102697,0.785908,-0.406106,-0.324559
0.531175,1.63048,-0.711562,-0.135894,0.549528,-0.385596,2.68918,1.12434,0.611308,-0.0704482,-0.181574,-0.0832827,-0.69009,-0.875777
-0.0564074,1.85376,-1.33844,-2.25979,1.67168,0.0292404,4.50441,0.0470839,0.435786,0.701952,-0.278111,-1.86959,0.041371,-1.07823
0.365044,1.27179,-0.0326262,-1.7948,2.60395,0.865394,5.62347,-0.663321,0.0285764,1.98642,1.12765,-1.03709,1.51948,0.270692
0.999783,0.874193,1.33928,-0.844731,2.95497,1.67314,4.36323,-0.33441,0.563269,3.06491,1.6504,1.3686,1.82204,2.48737
1.20741,1.61291,1.01764,0.379187,2.51922,1.56757,-0.0791022,0.232675,1.62122,1.48472,0.782862,2.17418,0.571531,2.74874
1.51623,2.34306,0.786497,2.12869,1.57694,0.68518,-3.13963,0.65821,2.12216,-0.475926,0.421959,2.03179,-0.536319,1.33861
1.63811,1.96095,1.08022,3.648,0.191949,-0.522911,-2.54824,0.696537,1.67363,-0.42099,0.883645,1.34986,-0.895552,-0.363553
0.907891,1.12979,0.870673,4.26444,-1.67947,-1.5672,-0.794253,0.353312,0.97211,-0.0443833,1.49173,-0.278228,-1.30703,-1.89157
-0.686616,0.353681,0.12713,3.22161,-3.28857,-2.08384,-0.870123,0.0566848,0.154776,-0.361006,1.7677,-1.33432,-1.6389,-2.52837
-2.41633,-0.853908,-1.06771,0.922264,-4.2854,-2.10269,-2.90805,-0.202697,-1.07516,-1.39075,1.82555,-1.50828,-1.60357,-2.4141
-2.47084,-2.11249,-1.77263,-0.431477,-4.27772,-1.36612,-2.78996,0.218164,-1.47382,-1.19974,1.63845,-1.21617,-0.85694,-1.52402
-0.819623,-1.72804,-0.959798,0.373352,-2.60677,-0.245784,0.284803,1.00278,-0.356066,1.05763,0.841996,-0.15459,-0.0471021,-0.549494
0.358082,0.216868,0.122742,1.9488,-0.279866,-0.0271082,2.86164,0.726356,0.79042,2.89898,0.157908,0.482132,-0.413776,-0.859973
0.107815,1.13877,0.523171,2.07859,0.80029,-0.339982,2.91212,-0.515928,0.675142,3.00067,-0.0796778,-0.0948767,-0.966272,-1.09283
0.0085383,1.18196,1.12097,1.17435,0.612098,-0.358139,1.71054,-1.10462,0.447074,1.88906,-0.385357,-0.590982,-1.35352,-0.305709
1.29766,1.97375,2.00142,0.868477,0.197502,-0.457389,2.78051,-0.348971,1.24217,0.718205,-0.0242216,-0.462203,-1.42816,0.227877
1.28074,1.60334,1.14648,-0.0387155,-0.349442,-0.904476,3.01599,-0.240424,1.08808,-0.733154,0.50263,-1.03559,-1.09644,-0.32711
-0.744052,-0.312891,-1.07938,-1.78512,-0.296227,-1.05666,-0.803233,-1.41335,-0.89427,-2.74034,-0.0810879,-2.02062,-0.525944,-1.18278
-1.04918,-1.68769,-1.58104,-2.62998,1.17118,0.104284,-3.37785,-1.69096,-2.27846,-3.27713,-0.836053,-1.78049,0.793742,-0.474263
0.0746597,-2.35676,-1.2589,-2.39815,1.83299,1.88301,-3.84504,-1.00649,-1.9019,-2.40163,-1.6722,-1.60227,1.19736,1.31322
0.170285,-1.45406,-0.989208,-1.76002,0.444016,2.0991,-5.18993,-1.23113,-0.835209,-3.15506,-2.61971,-1.82158,-0.205447,1.43319
-0.553994,0.600336,0.268406,-2.43337,-0.687166,0.836184,-4.60714,-2.2288,-0.14472,-4.27988,-2.80793,-1.39594,-1.115,0.029896
-1.36809,1.13767,1.16134,-3.79185,-0.385057,0.0535444,-1.98278,-2.4681,-0.0593446,-3.25846,-2.52935,-0.923513,-0.62723,-0.658462
-0.87918,0.157528,1.19454,-2.73922,0.640526,0.143317,-0.292434,-0.925596,0.215422,-0.933028,-1.83183,0.0103593,-0.0132883,-0.22025
0.911049,-0.597838,0.956623,0.633663,1.12429,0.572778,2.14314,1.60672,0.75347,2.24717,0.363844,1.10389,0.651051,0.912724
1.96957,0.161436,0.222538,3.83264,0.540743,0.0272117,4.03454,2.71841,0.992786,4.04372,3.0062,1.06215,1.11502,0.697264
0.966948,0.938235,-0.882895,2.61844,-0.110988,-1.48288,3.12982,1.48213,0.87802,2.05946,2.47398,0.318938,-0.00324323,-1.49236
-0.779081,0.309139,-0.72076,-1.80809,-0.109574,-1.83417,2.47463,-0.110883,0.390635,-0.494088,-0.242792,0.40163,-1.12291,-2.25134
